level,vineyard_id,row_id,row_count,row_length_m,row_structure,gap_count,canopy_count,canopy_area_m2,canopy_area_ha,interrow_area_m2,interrow_area_ha,block_area_m2,block_area_ha,tile_count
row,V02,V02-R01,1,91.43,disrupted,3,25,19.72,0.002,100.15,0.01,,,3
row,V02,V02-R02,1,116.34,disrupted,3,51,31.18,0.0031,212.59,0.0213,,,4
row,V02,V02-R03,1,112.12,disrupted,3,46,30.69,0.0031,220.83,0.0221,,,4
row,V02,V02-R04,1,3.93,regular,0,2,1.02,0.0001,1.64,0.0002,,,1
row,V02,V02-R05,1,120.08,disrupted,3,70,33.31,0.0033,221.2,0.0221,,,3
row,V02,V02-R06,1,55.41,disrupted,3,8,2.23,0.0002,72.63,0.0073,,,2
row,V02,V02-R07,1,108.7,disrupted,7,25,8.61,0.0009,253.5,0.0253,,,4
row,V02,V02-R08,1,58.31,disrupted,1,33,15.15,0.0015,88.95,0.0089,,,3
row,V02,V02-R09,1,54.5,disrupted,1,3,2.11,0.0002,7.62,0.0008,,,1
row,V02,V02-R10,1,121.17,disrupted,4,68,35.29,0.0035,279.12,0.0279,,,5
row,V02,V02-R11,1,122.94,disrupted,3,75,36.38,0.0036,234.05,0.0234,,,5
row,V02,V02-R12,1,123.33,disrupted,4,71,34.61,0.0035,233.15,0.0233,,,5
row,V02,V02-R13,1,122.54,disrupted,2,80,36.21,0.0036,237.25,0.0237,,,5
row,V02,V02-R14,1,120.6,disrupted,2,80,34.93,0.0035,240.4,0.024,,,4
row,V02,V02-R15,1,122.28,disrupted,2,74,38.34,0.0038,230.96,0.0231,,,4
row,V02,V02-R16,1,117.37,disrupted,3,69,31.24,0.0031,217.94,0.0218,,,3
row,V02,V02-R17,1,115.92,disrupted,1,71,32.38,0.0032,215.24,0.0215,,,3
row,V02,V02-R18,1,109.65,disrupted,3,74,32.31,0.0032,216.55,0.0217,,,3
row,V02,V02-R19,1,114.42,disrupted,1,71,31.89,0.0032,215.29,0.0215,,,4
row,V02,V02-R20,1,111.9,disrupted,3,61,27.87,0.0028,217.79,0.0218,,,4
row,V02,V02-R21,1,115.44,disrupted,2,82,39.18,0.0039,217.0,0.0217,,,4
row,V02,V02-R22,1,118.21,disrupted,3,66,24.66,0.0025,215.5,0.0215,,,4
row,V02,V02-R23,1,118.82,regular,0,66,24.13,0.0024,221.85,0.0222,,,4
row,V02,V02-R24,1,119.26,disrupted,1,73,25.17,0.0025,236.98,0.0237,,,4
row,V02,V02-R25,1,127.84,disrupted,1,84,30.57,0.0031,251.0,0.0251,,,3
row,V02,V02-R26,1,67.25,disrupted,1,33,11.14,0.0011,126.45,0.0126,,,3
row,V02,V02-R27,1,42.95,regular,0,4,3.24,0.0003,131.98,0.0132,,,1
row,V02,V02-R28,1,68.57,disrupted,2,36,11.61,0.0012,132.64,0.0133,,,3
row,V02,V02-R29,1,116.15,disrupted,3,58,22.95,0.0023,243.84,0.0244,,,4
row,V02,V02-R30,1,115.79,regular,0,73,25.75,0.0026,223.42,0.0223,,,4
row,V02,V02-R31,1,133.09,disrupted,6,55,20.31,0.002,216.12,0.0216,,,4
row,V02,V02-R32,1,110.55,disrupted,4,61,31.34,0.0031,213.18,0.0213,,,4
row,V02,V02-R33,1,110.71,disrupted,4,53,27.25,0.0027,212.75,0.0213,,,4
row,V02,V02-R34,1,113.36,disrupted,2,60,24.72,0.0025,203.67,0.0204,,,4
row,V02,V02-R35,1,103.72,disrupted,1,61,21.84,0.0022,201.26,0.0201,,,4
row,V02,V02-R36,1,110.53,disrupted,2,63,25.38,0.0025,193.76,0.0194,,,4
row,V02,V02-R37,1,100.06,disrupted,1,62,23.57,0.0024,189.75,0.019,,,4
row,V02,V02-R38,1,106.47,disrupted,3,68,25.08,0.0025,198.04,0.0198,,,3
row,V02,V02-R39,1,120.31,disrupted,3,70,30.78,0.0031,206.63,0.0207,,,3
row,V02,V02-R40,1,115.06,regular,0,73,28.31,0.0028,214.84,0.0215,,,3
row,V02,V02-R41,1,115.1,regular,0,82,33.92,0.0034,225.44,0.0225,,,3
row,V02,V02-R42,1,114.57,disrupted,1,73,31.23,0.0031,221.91,0.0222,,,4
row,V02,V02-R43,1,109.61,disrupted,2,63,25.16,0.0025,208.96,0.0209,,,4
row,V02,V02-R44,1,118.38,disrupted,6,53,21.13,0.0021,210.45,0.021,,,4
row,V02,V02-R45,1,126.74,disrupted,7,39,16.43,0.0016,195.54,0.0196,,,4
row,V02,V02-R46,1,90.55,disrupted,6,23,10.2,0.001,169.11,0.0169,,,3
row,V02,V02-R47,1,96.95,disrupted,7,30,12.52,0.0013,176.27,0.0176,,,4
row,V02,V02-R48,1,101.95,disrupted,5,29,10.94,0.0011,184.68,0.0185,,,4
row,V02,V02-R49,1,99.12,disrupted,5,34,12.12,0.0012,183.59,0.0184,,,3
row,V02,V02-R50,1,94.58,disrupted,3,48,18.43,0.0018,185.31,0.0185,,,3
row,V02,V02-R51,1,95.09,disrupted,4,48,21.13,0.0021,177.46,0.0177,,,3
row,V02,V02-R52,1,94.4,disrupted,2,52,20.45,0.002,182.16,0.0182,,,3
row,V02,V02-R53,1,107.61,disrupted,4,48,19.83,0.002,199.6,0.02,,,3
row,V02,V02-R54,1,103.91,disrupted,5,46,17.74,0.0018,197.89,0.0198,,,2
row,V02,V02-R55,1,97.72,disrupted,4,39,17.66,0.0018,184.77,0.0185,,,2
row,V02,V02-R56,1,106.06,disrupted,2,63,29.36,0.0029,156.67,0.0157,,,2
row,V02,V02-R57,1,51.84,regular,0,37,15.06,0.0015,78.64,0.0079,,,1
row,V02,V02-R58,1,16.43,disrupted,2,6,5.24,0.0005,25.96,0.0026,,,1
row,V02,V02-R59,1,35.77,disrupted,3,6,3.31,0.0003,62.51,0.0063,,,1
row,V02,V02-R60,1,10.7,regular,0,8,3.34,0.0003,14.59,0.0015,,,1
row,V02,V02-R61,1,44.41,disrupted,3,18,10.31,0.001,73.04,0.0073,,,1
row,V02,V02-R62,1,5.52,regular,0,5,1.53,0.0002,5.25,0.0005,,,1
row,V02,V02-R63,1,49.76,disrupted,1,9,5.15,0.0005,77.1,0.0077,,,1
row,V02,V02-R64,1,40.53,disrupted,2,11,7.79,0.0008,75.09,0.0075,,,1
row,V02,V02-R65,1,53.44,disrupted,2,9,6.78,0.0007,85.12,0.0085,,,1
row,V02,V02-R66,1,36.39,disrupted,2,7,2.92,0.0003,46.27,0.0046,,,1
row,V03,V03-R01,1,5.76,regular,0,5,3.14,0.0003,5.52,0.0006,,,2
row,V03,V03-R02,1,48.24,regular,0,35,20.49,0.002,63.61,0.0064,,,2
row,V03,V03-R03,1,49.12,disrupted,3,18,13.71,0.0014,115.57,0.0116,,,2
row,V03,V03-R04,1,50.05,disrupted,1,33,22.95,0.0023,113.14,0.0113,,,2
row,V03,V03-R05,1,45.13,disrupted,2,26,18.17,0.0018,105.7,0.0106,,,2
row,V03,V03-R06,1,40.69,regular,0,31,18.31,0.0018,97.77,0.0098,,,2
row,V03,V03-R07,1,42.6,disrupted,2,20,11.92,0.0012,82.3,0.0082,,,2
row,V03,V03-R08,1,79.41,disrupted,4,22,12.59,0.0013,91.53,0.0092,,,2
row,V03,V03-R09,1,7.24,disrupted,1,7,4.15,0.0004,0.0,0.0,,,1
row,V03,V03-R10,1,39.2,disrupted,1,0,0.0,0.0,128.15,0.0128,,,1
row,V03,V03-R11,1,32.64,regular,0,26,12.06,0.0012,0.0,0.0,,,2
row,V03,V03-R12,1,11.65,regular,0,10,3.66,0.0004,11.92,0.0012,,,1
row,V03,V03-R13,1,76.11,disrupted,3,22,11.76,0.0012,136.88,0.0137,,,2
row,V03,V03-R14,1,97.38,disrupted,1,62,38.14,0.0038,161.94,0.0162,,,4
row,V03,V03-R15,1,126.51,disrupted,1,64,35.2,0.0035,239.62,0.024,,,4
row,V03,V03-R16,1,104.42,regular,0,76,30.09,0.003,252.63,0.0253,,,4
row,V03,V03-R17,1,97.21,disrupted,2,58,27.33,0.0027,229.57,0.023,,,4
row,V03,V03-R18,1,102.9,regular,0,75,42.68,0.0043,219.38,0.0219,,,4
row,V03,V03-R19,1,100.26,disrupted,2,64,38.75,0.0039,233.92,0.0234,,,4
row,V03,V03-R20,1,107.76,disrupted,4,55,40.61,0.0041,234.88,0.0235,,,4
row,V03,V03-R21,1,93.03,disrupted,1,62,36.27,0.0036,219.03,0.0219,,,3
row,V03,V03-R22,1,102.76,disrupted,3,61,33.78,0.0034,242.92,0.0243,,,4
row,V03,V03-R23,1,16.97,disrupted,1,3,2.34,0.0002,20.81,0.0021,,,1
row,V03,V03-R24,1,72.54,disrupted,1,41,20.66,0.0021,159.7,0.016,,,2
row,V03,V03-R25,1,9.83,regular,0,5,2.97,0.0003,11.34,0.0011,,,1
row,V03,V03-R26,1,23.39,disrupted,1,8,4.6,0.0005,87.04,0.0087,,,1
row,V03,V03-R27,1,65.86,disrupted,4,33,21.15,0.0021,153.8,0.0154,,,2
row,V03,V03-R28,1,5.07,regular,0,3,3.17,0.0003,5.84,0.0006,,,1
row,V03,V03-R29,1,15.63,disrupted,1,5,2.64,0.0003,20.69,0.0021,,,1
row,V03,V03-R30,1,67.65,disrupted,3,40,20.68,0.0021,149.06,0.0149,,,2
row,V03,V03-R31,1,58.45,regular,0,39,20.7,0.0021,128.89,0.0129,,,2
row,V03,V03-R32,1,53.11,regular,0,35,18.85,0.0019,104.95,0.0105,,,2
row,V03,V03-R33,1,38.97,disrupted,2,20,10.34,0.001,86.03,0.0086,,,1
row,V03,V03-R34,1,3.27,regular,0,3,1.33,0.0001,0.0,0.0,,,1
row,V03,V03-R35,1,35.1,disrupted,2,18,9.46,0.0009,58.79,0.0059,,,2
row,V03,V03-R36,1,26.32,disrupted,1,14,5.9,0.0006,0.0,0.0,,,1
row,V03,V03-R37,1,12.6,disrupted,1,11,5.95,0.0006,19.01,0.0019,,,1
row,V03,V03-R38,1,8.52,regular,0,7,5.4,0.0005,0.0,0.0,,,2
row,V04,V04-R01,1,33.2,disrupted,1,3,3.2,0.0003,6.19,0.0006,,,1
row,V04,V04-R02,1,8.76,regular,0,6,2.7,0.0003,23.49,0.0023,,,1
row,V04,V04-R03,1,26.87,disrupted,2,7,5.44,0.0005,54.67,0.0055,,,1
row,V04,V04-R04,1,27.26,disrupted,1,10,7.1,0.0007,37.37,0.0037,,,1
row,V05,V05-R01,1,44.84,disrupted,2,4,4.96,0.0005,29.19,0.0029,,,2
row,V05,V05-R02,1,46.77,disrupted,2,16,14.95,0.0015,65.39,0.0065,,,2
row,V05,V05-R03,1,40.78,regular,0,19,12.89,0.0013,68.87,0.0069,,,3
row,V05,V05-R04,1,45.04,disrupted,2,18,11.78,0.0012,70.45,0.007,,,3
row,V05,V05-R05,1,47.4,disrupted,3,14,9.26,0.0009,68.72,0.0069,,,3
row,V05,V05-R06,1,38.33,disrupted,3,15,10.01,0.001,58.38,0.0058,,,2
row,V05,V05-R07,1,61.61,disrupted,1,25,12.35,0.0012,79.06,0.0079,,,2
row,V05,V05-R08,1,54.97,disrupted,2,25,16.8,0.0017,78.73,0.0079,,,2
row,V05,V05-R09,1,55.2,disrupted,2,19,10.98,0.0011,56.29,0.0056,,,2
row,V05,V05-R10,1,37.7,disrupted,2,18,6.95,0.0007,62.89,0.0063,,,2
row,V05,V05-R11,1,37.0,regular,0,18,9.1,0.0009,62.1,0.0062,,,2
row,V05,V05-R12,1,36.14,disrupted,1,22,9.3,0.0009,57.14,0.0057,,,2
row,V05,V05-R13,1,33.95,disrupted,1,17,9.02,0.0009,36.54,0.0037,,,2
row,V05,V05-R14,1,9.47,regular,0,6,2.62,0.0003,15.18,0.0015,,,1
row,V05,V05-R15,1,35.09,disrupted,1,19,9.85,0.001,45.44,0.0045,,,2
row,V05,V05-R16,1,31.18,disrupted,1,19,8.59,0.0009,62.21,0.0062,,,2
row,V05,V05-R17,1,35.75,disrupted,1,19,9.21,0.0009,42.89,0.0043,,,2
row,V05,V05-R18,1,24.87,disrupted,1,12,6.22,0.0006,34.3,0.0034,,,2
row,V05,V05-R19,1,17.59,regular,0,11,8.43,0.0008,26.46,0.0026,,,2
row,V05,V05-R20,1,46.7,disrupted,2,13,7.51,0.0008,26.26,0.0026,,,3
row,V05,V05-R21,1,16.12,regular,0,11,5.13,0.0005,15.37,0.0015,,,3
row,V05,V05-R22,1,42.31,disrupted,1,9,8.08,0.0008,45.7,0.0046,,,2
row,V05,V05-R23,1,16.81,disrupted,1,8,4.16,0.0004,12.52,0.0013,,,2
row,V05,V05-R24,1,44.29,disrupted,1,2,3.16,0.0003,37.78,0.0038,,,1
row,V05,V05-R25,1,7.55,regular,0,6,2.29,0.0002,4.61,0.0005,,,1
row,V06,V06-R01,1,29.24,disrupted,1,8,3.56,0.0004,6.96,0.0007,,,1
row,V06,V06-R02,1,8.44,disrupted,1,2,1.37,0.0001,14.23,0.0014,,,1
row,V06,V06-R03,1,20.87,disrupted,1,9,6.06,0.0006,7.27,0.0007,,,1
row,V06,V06-R04,1,50.08,disrupted,1,12,7.94,0.0008,6.22,0.0006,,,1
row,V06,V06-R05,1,6.64,disrupted,1,2,3.19,0.0003,10.82,0.0011,,,1
row,V06,V06-R06,1,36.97,disrupted,3,13,5.26,0.0005,13.78,0.0014,,,1
row,V06,V06-R07,1,10.2,regular,0,6,3.86,0.0004,9.18,0.0009,,,1
row,V06,V06-R08,1,14.22,disrupted,1,4,2.22,0.0002,8.68,0.0009,,,1
row,V06,V06-R09,1,28.85,disrupted,1,8,5.49,0.0005,43.7,0.0044,,,1
row,V06,V06-R10,1,72.77,disrupted,2,12,9.43,0.0009,42.41,0.0042,,,2
row,V06,V06-R11,1,13.17,disrupted,1,3,2.54,0.0003,7.4,0.0007,,,1
row,V06,V06-R12,1,17.24,disrupted,1,5,4.39,0.0004,10.11,0.001,,,1
row,V06,V06-R13,1,27.22,disrupted,2,5,6.46,0.0006,40.45,0.004,,,3
row,V06,V06-R14,1,87.45,disrupted,2,39,24.95,0.0025,93.7,0.0094,,,3
row,V06,V06-R15,1,84.62,disrupted,2,46,25.25,0.0025,140.84,0.0141,,,3
row,V06,V06-R16,1,83.61,disrupted,3,43,20.54,0.0021,145.51,0.0146,,,3
row,V06,V06-R17,1,82.94,disrupted,3,40,18.68,0.0019,134.63,0.0135,,,3
row,V06,V06-R18,1,82.74,disrupted,3,41,20.92,0.0021,121.1,0.0121,,,2
row,V06,V06-R19,1,63.7,disrupted,3,23,11.06,0.0011,78.29,0.0078,,,2
row,V06,V06-R20,1,33.35,disrupted,2,5,7.81,0.0008,23.79,0.0024,,,1
row,V06,V06-R21,1,31.02,disrupted,1,2,5.81,0.0006,0.0,0.0,,,1
row,V08,V08-R01,1,73.21,disrupted,3,30,13.58,0.0014,32.44,0.0032,,,3
row,V08,V08-R02,1,50.38,disrupted,1,21,11.36,0.0011,78.66,0.0079,,,1
row,V08,V08-R03,1,78.31,disrupted,1,54,20.48,0.002,125.68,0.0126,,,3
row,V08,V08-R04,1,78.27,disrupted,1,39,16.29,0.0016,175.04,0.0175,,,3
row,V08,V08-R05,1,87.74,regular,0,66,25.32,0.0025,187.28,0.0187,,,3
row,V08,V08-R06,1,91.09,regular,0,60,24.59,0.0025,199.17,0.0199,,,3
row,V08,V08-R07,1,93.68,disrupted,1,61,26.45,0.0026,204.58,0.0205,,,3
row,V08,V08-R08,1,98.38,regular,0,61,27.28,0.0027,195.44,0.0195,,,4
row,V08,V08-R09,1,95.62,disrupted,1,63,27.25,0.0027,206.24,0.0206,,,4
row,V08,V08-R10,1,98.41,regular,0,61,26.12,0.0026,215.38,0.0215,,,4
row,V08,V08-R11,1,98.5,disrupted,2,63,26.89,0.0027,205.84,0.0206,,,4
row,V08,V08-R12,1,92.06,disrupted,1,55,23.94,0.0024,190.86,0.0191,,,3
row,V08,V08-R13,1,97.75,disrupted,1,63,27.83,0.0028,178.94,0.0179,,,4
row,V08,V08-R14,1,89.38,disrupted,1,58,29.34,0.0029,187.77,0.0188,,,3
row,V08,V08-R15,1,96.8,regular,0,67,33.86,0.0034,243.92,0.0244,,,4
row,V08,V08-R16,1,97.45,disrupted,3,98,40.92,0.0041,274.04,0.0274,,,4
row,V08,V08-R17,1,3.34,regular,0,3,1.03,0.0001,1.67,0.0002,,,1
row,V08,V08-R18,1,84.1,disrupted,1,75,35.09,0.0035,224.43,0.0224,,,3
row,V08,V08-R19,1,18.79,regular,0,16,6.82,0.0007,36.38,0.0036,,,2
row,V08,V08-R20,1,96.53,regular,0,69,32.29,0.0032,243.4,0.0243,,,4
row,V08,V08-R21,1,98.59,disrupted,2,68,30.0,0.003,216.45,0.0216,,,5
row,V08,V08-R22,1,96.88,regular,0,63,30.84,0.0031,211.29,0.0211,,,5
row,V08,V08-R23,1,97.62,disrupted,1,62,27.69,0.0028,209.62,0.021,,,4
row,V08,V08-R24,1,98.27,disrupted,1,66,27.62,0.0028,200.42,0.02,,,4
row,V08,V08-R25,1,88.42,disrupted,1,59,24.89,0.0025,197.47,0.0197,,,4
row,V08,V08-R26,1,96.7,disrupted,1,58,29.18,0.0029,186.56,0.0187,,,4
row,V08,V08-R27,1,85.24,regular,0,56,23.92,0.0024,174.38,0.0174,,,4
row,V08,V08-R28,1,92.09,regular,0,66,31.84,0.0032,191.64,0.0192,,,4
row,V08,V08-R29,1,96.35,disrupted,1,61,27.85,0.0028,196.98,0.0197,,,4
row,V08,V08-R30,1,89.93,regular,0,67,29.71,0.003,193.65,0.0194,,,4
row,V08,V08-R31,1,96.95,disrupted,1,67,31.5,0.0032,194.29,0.0194,,,4
row,V08,V08-R32,1,97.03,regular,0,68,32.04,0.0032,206.57,0.0207,,,4
row,V08,V08-R33,1,96.78,disrupted,4,53,27.4,0.0027,219.35,0.0219,,,4
row,V08,V08-R34,1,98.12,disrupted,1,63,27.48,0.0027,213.6,0.0214,,,4
row,V08,V08-R35,1,96.98,disrupted,2,62,28.16,0.0028,208.85,0.0209,,,3
row,V08,V08-R36,1,95.82,regular,0,67,31.72,0.0032,212.4,0.0212,,,3
row,V08,V08-R37,1,94.82,disrupted,1,64,29.07,0.0029,210.62,0.0211,,,3
row,V08,V08-R38,1,91.08,disrupted,3,50,23.96,0.0024,193.67,0.0194,,,3
row,V08,V08-R39,1,96.67,disrupted,2,53,27.54,0.0028,185.0,0.0185,,,4
row,V08,V08-R40,1,100.61,disrupted,1,62,40.18,0.004,206.9,0.0207,,,4
row,V08,V08-R41,1,99.24,disrupted,2,60,32.14,0.0032,216.12,0.0216,,,4
row,V08,V08-R42,1,97.53,disrupted,2,61,32.07,0.0032,206.61,0.0207,,,3
row,V08,V08-R43,1,97.83,regular,0,71,34.64,0.0035,204.63,0.0205,,,3
row,V08,V08-R44,1,96.1,disrupted,2,71,32.44,0.0032,205.59,0.0206,,,3
row,V08,V08-R45,1,95.28,disrupted,1,62,30.84,0.0031,210.44,0.021,,,3
row,V08,V08-R46,1,98.04,regular,0,68,35.28,0.0035,208.11,0.0208,,,3
row,V08,V08-R47,1,97.21,disrupted,1,60,31.21,0.0031,209.07,0.0209,,,3
row,V08,V08-R48,1,98.01,disrupted,1,75,36.74,0.0037,210.14,0.021,,,3
row,V08,V08-R49,1,112.07,disrupted,4,52,25.72,0.0026,210.17,0.021,,,3
row,V08,V08-R50,1,95.78,disrupted,4,52,23.62,0.0024,207.32,0.0207,,,3
row,V08,V08-R51,1,91.53,disrupted,2,48,21.3,0.0021,190.19,0.019,,,3
row,V08,V08-R52,1,91.93,disrupted,1,62,31.87,0.0032,184.47,0.0184,,,3
row,V08,V08-R53,1,95.08,disrupted,2,61,27.94,0.0028,163.2,0.0163,,,3
row,V08,V08-R54,1,55.35,disrupted,3,14,17.5,0.0018,65.56,0.0066,,,3
row,V08,V08-R55,1,37.05,disrupted,1,3,2.93,0.0003,33.81,0.0034,,,1
row,V08,V08-R56,1,35.84,disrupted,1,2,3.96,0.0004,33.81,0.0034,,,1
row,V09,V09-R01,1,96.94,disrupted,1,64,35.83,0.0036,113.16,0.0113,,,4
row,V09,V09-R02,1,101.52,regular,0,66,32.65,0.0033,211.97,0.0212,,,4
row,V09,V09-R03,1,98.04,disrupted,3,54,28.41,0.0028,208.62,0.0209,,,4
row,V09,V09-R04,1,103.8,regular,0,78,34.51,0.0035,219.28,0.0219,,,4
row,V09,V09-R05,1,99.91,disrupted,1,66,30.24,0.003,226.97,0.0227,,,4
row,V09,V09-R06,1,104.05,regular,0,67,29.59,0.003,237.0,0.0237,,,4
row,V09,V09-R07,1,105.04,regular,0,77,31.41,0.0031,231.77,0.0232,,,4
row,V09,V09-R08,1,104.06,regular,0,70,29.1,0.0029,219.92,0.022,,,4
row,V09,V09-R09,1,104.12,regular,0,77,32.7,0.0033,216.09,0.0216,,,4
row,V09,V09-R10,1,104.4,disrupted,1,63,29.79,0.003,218.46,0.0218,,,4
row,V09,V09-R11,1,102.42,disrupted,1,67,27.06,0.0027,211.27,0.0211,,,4
row,V09,V09-R12,1,105.21,regular,0,77,35.13,0.0035,204.25,0.0204,,,5
row,V09,V09-R13,1,103.97,disrupted,2,58,30.94,0.0031,227.19,0.0227,,,5
row,V09,V09-R14,1,98.51,disrupted,1,91,38.91,0.0039,276.78,0.0277,,,4
row,V09,V09-R15,1,36.09,regular,0,38,16.37,0.0016,96.58,0.0097,,,2
row,V09,V09-R16,1,65.84,disrupted,1,71,30.33,0.003,191.91,0.0192,,,3
row,V09,V09-R17,1,102.69,disrupted,1,68,29.17,0.0029,256.42,0.0256,,,3
row,V09,V09-R18,1,104.0,regular,0,70,31.75,0.0032,234.01,0.0234,,,3
row,V09,V09-R19,1,104.38,disrupted,1,63,32.17,0.0032,231.33,0.0231,,,3
row,V09,V09-R20,1,105.09,regular,0,73,32.72,0.0033,240.81,0.0241,,,3
row,V09,V09-R21,1,102.97,regular,0,70,33.4,0.0033,229.54,0.023,,,3
row,V09,V09-R22,1,104.12,disrupted,2,67,27.78,0.0028,223.87,0.0224,,,3
row,V09,V09-R23,1,103.47,disrupted,5,52,24.47,0.0024,225.18,0.0225,,,3
row,V09,V09-R24,1,105.3,disrupted,4,64,27.0,0.0027,209.03,0.0209,,,2
row,V09,V09-R25,1,93.91,disrupted,1,68,35.13,0.0035,199.21,0.0199,,,3
row,V09,V09-R26,1,103.75,regular,0,70,32.49,0.0032,221.88,0.0222,,,3
row,V09,V09-R27,1,104.61,regular,0,79,34.58,0.0035,232.04,0.0232,,,3
row,V09,V09-R28,1,105.39,regular,0,67,31.05,0.0031,227.73,0.0228,,,3
row,V09,V09-R29,1,105.28,disrupted,1,68,29.24,0.0029,234.84,0.0235,,,3
row,V09,V09-R30,1,104.03,disrupted,1,66,26.94,0.0027,229.48,0.0229,,,3
row,V09,V09-R31,1,105.2,regular,0,66,31.82,0.0032,229.75,0.023,,,4
row,V09,V09-R32,1,104.6,regular,0,69,28.34,0.0028,228.04,0.0228,,,4
row,V09,V09-R33,1,104.21,regular,0,67,28.13,0.0028,247.06,0.0247,,,4
row,V09,V09-R34,1,45.45,regular,0,24,10.85,0.0011,105.78,0.0106,,,2
row,V09,V09-R35,1,111.67,disrupted,2,73,28.39,0.0028,186.78,0.0187,,,3
row,V09,V09-R36,1,104.34,disrupted,3,52,23.97,0.0024,230.27,0.023,,,3
row,V09,V09-R37,1,76.03,regular,0,56,21.24,0.0021,135.62,0.0136,,,3
row,V09,V09-R38,1,82.91,disrupted,1,52,21.74,0.0022,136.62,0.0137,,,3
row,V09,V09-R39,1,77.51,regular,0,48,19.81,0.002,168.82,0.0169,,,3
row,V09,V09-R40,1,106.83,disrupted,4,85,35.67,0.0036,220.05,0.022,,,3
row,V09,V09-R41,1,105.83,regular,0,72,32.17,0.0032,230.74,0.0231,,,3
row,V09,V09-R42,1,104.63,regular,0,76,37.3,0.0037,229.49,0.0229,,,4
row,V09,V09-R43,1,105.02,regular,0,79,34.29,0.0034,234.47,0.0234,,,4
row,V09,V09-R44,1,103.78,regular,0,73,30.17,0.003,216.73,0.0217,,,4
row,V09,V09-R45,1,99.53,regular,0,70,27.42,0.0027,225.92,0.0226,,,3
row,V09,V09-R46,1,104.43,regular,0,75,33.13,0.0033,224.93,0.0225,,,4
row,V09,V09-R47,1,104.18,disrupted,1,71,32.65,0.0033,221.07,0.0221,,,4
row,V09,V09-R48,1,102.7,disrupted,1,66,27.8,0.0028,220.55,0.0221,,,4
row,V09,V09-R49,1,104.42,disrupted,1,65,33.45,0.0033,218.94,0.0219,,,4
row,V09,V09-R50,1,115.19,disrupted,1,78,32.35,0.0032,228.17,0.0228,,,5
row,V09,V09-R51,1,136.21,disrupted,4,77,51.02,0.0051,226.18,0.0226,,,4
row,V09,V09-R52,1,102.51,disrupted,2,66,34.48,0.0034,112.86,0.0113,,,5
row,V10,V10-R01,1,9.26,disrupted,1,2,4.34,0.0004,6.7,0.0007,,,1
row,V10,V10-R02,1,18.76,regular,0,12,4.89,0.0005,14.21,0.0014,,,3
row,V10,V10-R03,1,8.41,regular,0,8,6.44,0.0006,11.14,0.0011,,,1
row,V10,V10-R04,1,60.06,disrupted,6,24,26.25,0.0026,122.29,0.0122,,,2
row,V10,V10-R05,1,22.21,disrupted,3,6,10.06,0.001,37.56,0.0038,,,1
row,V10,V10-R06,1,54.45,disrupted,4,16,13.32,0.0013,81.1,0.0081,,,1
row,V10,V10-R07,1,3.52,regular,0,5,2.78,0.0003,0.0,0.0,,,1
row,V10,V10-R08,1,58.01,disrupted,6,17,21.02,0.0021,58.08,0.0058,,,2
row,V10,V10-R09,1,28.16,disrupted,3,11,5.55,0.0006,88.11,0.0088,,,1
row,V10,V10-R10,1,13.76,disrupted,1,5,2.58,0.0003,14.62,0.0015,,,1
row,V10,V10-R11,1,33.49,disrupted,2,6,5.42,0.0005,48.62,0.0049,,,1
row,V10,V10-R12,1,37.19,disrupted,2,6,8.84,0.0009,60.61,0.0061,,,2
row,V10,V10-R13,1,14.13,disrupted,2,3,2.48,0.0002,46.32,0.0046,,,1
row,V10,V10-R14,1,29.86,disrupted,2,9,13.12,0.0013,18.92,0.0019,,,2
row,V12,V12-R01,1,17.22,disrupted,1,7,4.95,0.0005,0.0,0.0,,,1
row,V12,V12-R02,1,69.75,regular,0,47,24.3,0.0024,64.72,0.0065,,,2
row,V12,V12-R03,1,69.76,disrupted,1,38,19.3,0.0019,68.59,0.0069,,,2
row,V12,V12-R04,1,45.73,regular,0,29,13.49,0.0013,81.79,0.0082,,,2
row,V12,V12-R05,1,146.56,disrupted,2,83,40.83,0.0041,94.08,0.0094,,,5
row,V12,V12-R06,1,44.68,regular,0,33,16.44,0.0016,86.9,0.0087,,,3
row,V12,V12-R07,1,41.16,regular,0,31,14.04,0.0014,87.72,0.0088,,,3
row,V12,V12-R08,1,39.6,regular,0,25,11.58,0.0012,84.5,0.0084,,,3
row,V12,V12-R09,1,21.27,disrupted,2,4,6.25,0.0006,0.0,0.0,,,1
row,V12,V12-R10,1,41.86,regular,0,30,12.24,0.0012,86.39,0.0086,,,2
row,V12,V12-R11,1,42.81,disrupted,1,32,13.7,0.0014,91.14,0.0091,,,2
row,V12,V12-R12,1,45.07,disrupted,2,23,10.88,0.0011,94.8,0.0095,,,2
row,V12,V12-R13,1,43.33,regular,0,30,12.94,0.0013,96.86,0.0097,,,2
row,V12,V12-R14,1,44.96,disrupted,2,26,13.23,0.0013,92.8,0.0093,,,2
row,V12,V12-R15,1,44.0,regular,0,37,15.5,0.0015,93.09,0.0093,,,2
row,V12,V12-R16,1,43.59,disrupted,1,19,9.95,0.001,93.9,0.0094,,,2
row,V12,V12-R17,1,43.61,regular,0,32,14.4,0.0014,93.74,0.0094,,,1
row,V12,V12-R18,1,52.81,disrupted,2,29,12.13,0.0012,95.29,0.0095,,,1
row,V12,V12-R19,1,53.01,disrupted,1,36,16.64,0.0017,105.76,0.0106,,,1
row,V12,V12-R20,1,44.1,regular,0,45,21.03,0.0021,136.76,0.0137,,,1
row,V12,V12-R21,1,100.92,disrupted,3,91,43.46,0.0043,192.63,0.0193,,,2
row,V12,V12-R22,1,99.95,disrupted,2,62,31.14,0.0031,221.96,0.0222,,,3
row,V12,V12-R23,1,100.22,disrupted,1,63,31.93,0.0032,221.15,0.0221,,,3
row,V12,V12-R24,1,122.27,disrupted,1,61,33.47,0.0033,225.9,0.0226,,,3
row,V12,V12-R25,1,99.68,disrupted,1,72,30.75,0.0031,220.25,0.022,,,3
row,V12,V12-R26,1,101.78,disrupted,1,72,32.78,0.0033,211.66,0.0212,,,3
row,V12,V12-R27,1,93.3,regular,0,59,25.62,0.0026,195.64,0.0196,,,3
row,V12,V12-R28,1,99.48,disrupted,3,65,31.25,0.0031,215.21,0.0215,,,3
row,V12,V12-R29,1,100.56,disrupted,4,49,21.8,0.0022,222.09,0.0222,,,3
row,V12,V12-R30,1,100.49,disrupted,1,76,31.97,0.0032,203.56,0.0204,,,4
row,V12,V12-R31,1,99.15,regular,0,79,39.86,0.004,207.42,0.0207,,,5
row,V12,V12-R32,1,98.43,regular,0,75,36.57,0.0037,221.84,0.0222,,,5
row,V12,V12-R33,1,97.72,regular,0,67,34.79,0.0035,221.9,0.0222,,,5
row,V12,V12-R34,1,98.41,disrupted,1,68,32.47,0.0032,215.69,0.0216,,,4
row,V12,V12-R35,1,99.72,regular,0,73,32.48,0.0032,226.75,0.0227,,,4
row,V12,V12-R36,1,15.58,disrupted,1,4,1.69,0.0002,9.26,0.0009,,,1
row,V12,V12-R37,1,96.73,disrupted,1,61,32.48,0.0032,209.66,0.021,,,3
row,V12,V12-R38,1,7.64,disrupted,1,3,1.56,0.0002,21.31,0.0021,,,1
row,V12,V12-R39,1,96.7,disrupted,2,63,32.34,0.0032,134.09,0.0134,,,4
row,V12,V12-R40,1,90.4,disrupted,6,14,8.25,0.0008,114.14,0.0114,,,2
row,V12,V12-R41,1,56.03,disrupted,3,19,10.54,0.0011,58.55,0.0059,,,1
row,V12,V12-R42,1,19.42,disrupted,1,2,1.66,0.0002,41.64,0.0042,,,1
row,V12,V12-R43,1,128.4,disrupted,3,60,31.46,0.0031,257.83,0.0258,,,3
row,V12,V12-R44,1,56.26,disrupted,3,26,11.0,0.0011,124.15,0.0124,,,1
row,V12,V12-R45,1,44.33,disrupted,2,16,10.09,0.001,48.61,0.0049,,,1
row,V12,V12-R46,1,30.41,disrupted,2,13,5.05,0.0005,45.14,0.0045,,,1
row,V12,V12-R47,1,299.25,disrupted,9,149,70.37,0.007,555.98,0.0556,,,8
row,V12,V12-R48,1,323.28,disrupted,17,104,54.19,0.0054,707.74,0.0708,,,10
row,V12,V12-R49,1,293.75,disrupted,10,149,71.62,0.0072,666.92,0.0667,,,8
row,V12,V12-R50,1,91.41,disrupted,4,27,22.48,0.0022,139.4,0.0139,,,3
row,V12,V12-R51,1,204.73,disrupted,7,95,37.8,0.0038,429.51,0.043,,,6
row,V12,V12-R52,1,60.2,disrupted,2,25,13.22,0.0013,130.36,0.013,,,2
row,V12,V12-R53,1,186.33,disrupted,3,100,44.46,0.0044,309.27,0.0309,,,5
row,V12,V12-R54,1,155.85,disrupted,7,44,42.65,0.0043,234.52,0.0235,,,5
row,V12,V12-R55,1,22.9,disrupted,1,3,1.99,0.0002,23.19,0.0023,,,1
row,V12,V12-R56,1,14.78,disrupted,2,5,3.75,0.0004,17.92,0.0018,,,1
row,V12,V12-R57,1,92.23,disrupted,5,19,18.42,0.0018,203.88,0.0204,,,3
row,V12,V12-R58,1,94.81,disrupted,4,19,21.03,0.0021,179.92,0.018,,,3
row,V12,V12-R59,1,84.23,disrupted,3,21,14.24,0.0014,156.67,0.0157,,,3
row,V12,V12-R60,1,6.98,regular,0,6,2.67,0.0003,0.0,0.0,,,1
row,V12,V12-R61,1,118.11,disrupted,5,30,19.34,0.0019,115.83,0.0116,,,4
row,V12,V12-R62,1,6.51,regular,0,5,3.11,0.0003,14.05,0.0014,,,1
row,V12,V12-R63,1,20.12,disrupted,1,4,5.77,0.0006,25.78,0.0026,,,1
row,V12,V12-R64,1,61.96,disrupted,1,3,1.6,0.0002,10.74,0.0011,,,1
row,V12,V12-R65,1,81.24,disrupted,3,10,5.73,0.0006,0.0,0.0,,,2
row,V14,V14-R01,1,5.0,regular,0,2,6.3,0.0006,6.87,0.0007,,,1
row,V14,V14-R02,1,27.34,disrupted,2,9,8.45,0.0008,23.56,0.0024,,,1
row,V14,V14-R03,1,11.57,regular,0,7,3.42,0.0003,22.73,0.0023,,,1
row,V14,V14-R04,1,32.0,regular,0,13,16.98,0.0017,15.19,0.0015,,,1
row,V14,V14-R05,1,12.02,disrupted,1,3,2.4,0.0002,18.95,0.0019,,,1
row,V14,V14-R06,1,31.92,disrupted,1,8,15.41,0.0015,37.04,0.0037,,,1
row,V14,V14-R07,1,36.7,disrupted,1,10,8.26,0.0008,51.94,0.0052,,,1
row,V14,V14-R08,1,35.54,disrupted,1,10,13.06,0.0013,70.8,0.0071,,,1
row,V14,V14-R09,1,49.55,disrupted,2,8,9.99,0.001,46.09,0.0046,,,1
row,V14,V14-R10,1,42.58,disrupted,1,4,11.06,0.0011,0.0,0.0,,,1
row,V16,V16-R01,1,49.09,disrupted,2,20,10.17,0.001,47.39,0.0047,,,2
row,V16,V16-R02,1,83.54,disrupted,4,34,18.06,0.0018,126.94,0.0127,,,3
row,V16,V16-R03,1,71.2,disrupted,2,30,20.45,0.002,162.23,0.0162,,,3
row,V16,V16-R04,1,98.85,disrupted,3,52,31.72,0.0032,180.33,0.018,,,4
row,V16,V16-R05,1,90.74,disrupted,4,33,22.83,0.0023,107.69,0.0108,,,4
row,V16,V16-R06,1,3.03,regular,0,2,1.48,0.0001,3.34,0.0003,,,1
row,V16,V16-R07,1,6.06,regular,0,3,2.16,0.0002,6.7,0.0007,,,1
row,V17,V17-R01,1,31.93,disrupted,2,10,5.56,0.0006,0.0,0.0,,,1
row,V17,V17-R02,1,78.36,disrupted,5,22,8.48,0.0008,0.0,0.0,,,2
row,V17,V17-R03,1,16.96,disrupted,1,3,1.91,0.0002,22.1,0.0022,,,1
row,V17,V17-R04,1,15.11,disrupted,1,5,1.93,0.0002,34.22,0.0034,,,1
row,V17,V17-R05,1,97.09,disrupted,1,53,22.05,0.0022,119.65,0.012,,,4
row,V17,V17-R06,1,89.12,disrupted,3,31,11.61,0.0012,199.51,0.02,,,3
row,V17,V17-R07,1,95.66,disrupted,2,60,34.09,0.0034,91.99,0.0092,,,4
row,V18,V18-R01,1,4.14,regular,0,6,2.76,0.0003,0.0,0.0,,,1
row,V18,V18-R02,1,23.56,disrupted,1,2,2.78,0.0003,10.77,0.0011,,,1
row,V18,V18-R03,1,44.31,disrupted,3,14,6.12,0.0006,52.16,0.0052,,,1
row,V18,V18-R04,1,75.78,disrupted,3,30,13.47,0.0013,138.31,0.0138,,,2
row,V18,V18-R05,1,72.85,disrupted,1,30,9.7,0.001,156.95,0.0157,,,3
row,V18,V18-R06,1,74.9,disrupted,2,29,9.94,0.001,81.57,0.0082,,,3
row,V19,V19-R01,1,27.4,disrupted,2,10,7.9,0.0008,33.9,0.0034,,,1
row,V19,V19-R02,1,29.84,regular,0,18,13.62,0.0014,46.97,0.0047,,,1
row,V19,V19-R03,1,12.53,regular,0,8,5.73,0.0006,23.73,0.0024,,,1
row,V19,V19-R04,1,29.87,disrupted,1,13,12.38,0.0012,40.5,0.004,,,1
row,V19,V19-R05,1,29.27,regular,0,18,12.54,0.0013,50.36,0.005,,,1
row,V19,V19-R06,1,27.51,disrupted,1,13,9.78,0.001,48.19,0.0048,,,1
row,V19,V19-R07,1,31.77,disrupted,1,14,13.84,0.0014,53.82,0.0054,,,2
row,V19,V19-R08,1,30.36,disrupted,1,17,9.46,0.0009,54.04,0.0054,,,2
row,V19,V19-R09,1,30.36,disrupted,1,16,9.18,0.0009,27.9,0.0028,,,2
row,V20,V20-R01,1,22.74,disrupted,1,2,2.98,0.0003,18.41,0.0018,,,1
row,V20,V20-R02,1,11.4,disrupted,1,3,3.3,0.0003,4.37,0.0004,,,1
row,V20,V20-R03,1,48.21,disrupted,2,4,5.56,0.0006,26.11,0.0026,,,1
row,V20,V20-R04,1,34.77,disrupted,3,15,6.02,0.0006,36.72,0.0037,,,2
row,V20,V20-R05,1,32.12,disrupted,1,16,7.45,0.0007,48.61,0.0049,,,1
row,V20,V20-R06,1,28.12,regular,0,17,5.88,0.0006,49.42,0.0049,,,1
row,V20,V20-R07,1,37.96,disrupted,1,23,8.99,0.0009,54.98,0.0055,,,2
row,V20,V20-R08,1,37.5,disrupted,3,12,4.83,0.0005,29.52,0.003,,,2
row,V21,V21-R01,1,53.1,disrupted,3,20,14.49,0.0014,48.98,0.0049,,,2
row,V21,V21-R02,1,63.05,disrupted,2,32,25.04,0.0025,107.71,0.0108,,,3
row,V21,V21-R03,1,21.77,regular,0,0,0.0,0.0,18.24,0.0018,,,1
row,V21,V21-R04,1,59.19,disrupted,2,24,15.6,0.0016,135.14,0.0135,,,3
row,V21,V21-R05,1,68.25,disrupted,3,23,15.33,0.0015,114.51,0.0115,,,3
row,V21,V21-R06,1,58.77,disrupted,2,26,11.79,0.0012,71.21,0.0071,,,3
row,V21,V21-R07,1,13.62,disrupted,1,10,8.23,0.0008,24.53,0.0025,,,1
row,V21,V21-R08,1,76.39,disrupted,4,12,9.02,0.0009,42.68,0.0043,,,3
row,V21,V21-R09,1,23.88,disrupted,1,2,2.44,0.0002,23.17,0.0023,,,1
row,V21,V21-R10,1,15.69,disrupted,1,6,5.95,0.0006,27.22,0.0027,,,1
row,V21,V21-R11,1,36.97,disrupted,2,7,7.48,0.0007,38.83,0.0039,,,2
row,V21,V21-R12,1,49.91,disrupted,3,10,10.25,0.001,21.46,0.0021,,,2
row,V21,V21-R13,1,3.49,regular,0,4,2.57,0.0003,0.0,0.0,,,1
row,V22,V22-R01,1,18.53,disrupted,1,3,6.88,0.0007,9.34,0.0009,,,1
row,V22,V22-R02,1,10.8,regular,0,5,8.13,0.0008,20.08,0.002,,,1
row,V22,V22-R03,1,54.28,disrupted,2,24,13.64,0.0014,55.57,0.0056,,,2
row,V22,V22-R04,1,51.61,disrupted,3,22,9.25,0.0009,93.9,0.0094,,,2
row,V22,V22-R05,1,56.07,regular,0,33,15.4,0.0015,101.99,0.0102,,,2
row,V22,V22-R06,1,51.76,regular,0,27,21.12,0.0021,52.92,0.0053,,,2
row,V23,V23-R01,1,41.91,disrupted,1,16,6.97,0.0007,34.3,0.0034,,,2
row,V23,V23-R02,1,47.13,disrupted,3,15,8.91,0.0009,70.34,0.007,,,1
row,V23,V23-R03,1,40.09,disrupted,1,19,12.28,0.0012,71.03,0.0071,,,1
row,V23,V23-R04,1,37.79,regular,0,25,13.92,0.0014,60.99,0.0061,,,1
row,V23,V23-R05,1,34.04,disrupted,2,15,5.8,0.0006,60.17,0.006,,,1
row,V23,V23-R06,1,51.08,disrupted,3,23,13.87,0.0014,74.0,0.0074,,,1
row,V23,V23-R07,1,44.17,disrupted,2,24,12.4,0.0012,39.83,0.004,,,1
row,V24,V24-R01,1,9.43,disrupted,1,2,2.51,0.0003,15.64,0.0016,,,1
row,V24,V24-R02,1,37.48,disrupted,1,2,2.26,0.0002,45.43,0.0045,,,1
row,V24,V24-R03,1,31.43,disrupted,1,13,9.09,0.0009,57.22,0.0057,,,1
row,V24,V24-R04,1,41.5,disrupted,2,11,7.74,0.0008,66.74,0.0067,,,1
row,V24,V24-R05,1,37.68,disrupted,3,10,8.29,0.0008,94.91,0.0095,,,2
row,V24,V24-R06,1,4.64,regular,0,3,2.94,0.0003,12.21,0.0012,,,1
row,V24,V24-R07,1,36.9,disrupted,1,13,12.6,0.0013,74.76,0.0075,,,2
row,V24,V24-R08,1,39.16,disrupted,3,11,5.53,0.0006,78.02,0.0078,,,2
row,V24,V24-R09,1,53.99,disrupted,1,25,14.28,0.0014,108.38,0.0108,,,3
row,V24,V24-R10,1,51.88,disrupted,1,23,11.92,0.0012,119.15,0.0119,,,3
row,V24,V24-R11,1,48.77,disrupted,2,15,6.81,0.0007,118.53,0.0119,,,3
row,V24,V24-R12,1,85.07,disrupted,2,23,9.72,0.001,109.7,0.011,,,2
row,V24,V24-R13,1,53.09,regular,0,31,18.08,0.0018,110.81,0.0111,,,3
row,V24,V24-R14,1,52.84,regular,0,23,14.74,0.0015,118.64,0.0119,,,3
row,V24,V24-R15,1,51.65,regular,0,28,15.14,0.0015,117.1,0.0117,,,3
row,V24,V24-R16,1,49.72,regular,0,26,14.68,0.0015,118.5,0.0119,,,3
row,V24,V24-R17,1,71.61,disrupted,2,21,10.77,0.0011,156.27,0.0156,,,3
row,V24,V24-R18,1,53.71,disrupted,3,18,12.0,0.0012,116.59,0.0117,,,2
row,V24,V24-R19,1,25.16,disrupted,1,3,1.2,0.0001,18.16,0.0018,,,1
row,V24,V24-R20,1,36.24,disrupted,1,15,9.91,0.001,49.32,0.0049,,,1
row,V24,V24-R21,1,41.11,disrupted,2,15,11.32,0.0011,91.06,0.0091,,,1
row,V24,V24-R22,1,50.37,disrupted,2,12,12.07,0.0012,70.55,0.0071,,,1
row,V24,V24-R23,1,40.41,disrupted,1,3,2.17,0.0002,39.92,0.004,,,1
row,V24,V24-R24,1,33.68,disrupted,2,11,10.14,0.001,32.62,0.0033,,,1
row,V24,V24-R25,1,9.65,regular,0,8,2.72,0.0003,24.28,0.0024,,,1
row,V24,V24-R26,1,19.82,disrupted,2,5,3.59,0.0004,18.44,0.0018,,,1
row,V25,V25-R01,1,69.76,disrupted,2,38,34.09,0.0034,115.95,0.0116,,,3
row,V25,V25-R02,1,72.74,disrupted,1,47,37.09,0.0037,196.73,0.0197,,,3
row,V25,V25-R03,1,78.28,disrupted,4,32,23.92,0.0024,102.2,0.0102,,,3
row,V25,V25-R04,1,17.11,disrupted,1,3,3.92,0.0004,21.42,0.0021,,,1
row,V26,V26-R01,1,34.41,regular,0,20,16.84,0.0017,44.68,0.0045,,,1
row,V26,V26-R02,1,52.41,disrupted,1,27,20.45,0.002,94.09,0.0094,,,1
row,V26,V26-R03,1,40.38,regular,0,23,18.64,0.0019,88.6,0.0089,,,1
row,V26,V26-R04,1,36.53,disrupted,1,19,13.93,0.0014,39.18,0.0039,,,1
row,V27,V27-R01,1,43.14,disrupted,1,2,3.18,0.0003,0.0,0.0,,,1
row,V27,V27-R02,1,32.11,regular,0,19,8.54,0.0009,33.93,0.0034,,,1
row,V27,V27-R03,1,58.02,disrupted,1,22,8.69,0.0009,92.79,0.0093,,,1
row,V27,V27-R04,1,58.85,regular,0,35,18.37,0.0018,118.73,0.0119,,,1
row,V27,V27-R05,1,59.15,disrupted,4,21,9.6,0.001,113.69,0.0114,,,1
row,V27,V27-R06,1,52.13,disrupted,2,21,10.93,0.0011,107.63,0.0108,,,1
row,V27,V27-R07,1,56.81,disrupted,1,24,8.39,0.0008,91.44,0.0091,,,1
row,V27,V27-R08,1,33.71,regular,0,21,7.31,0.0007,61.49,0.0061,,,1
row,V27,V27-R09,1,21.86,disrupted,1,11,4.32,0.0004,31.41,0.0031,,,1
row,V27,V27-R10,1,6.38,disrupted,1,2,0.99,0.0001,7.55,0.0008,,,1
row,V27,V27-R11,1,26.73,disrupted,1,3,0.78,0.0001,0.0,0.0,,,1
row,V27,V27-R12,1,30.61,disrupted,1,2,0.69,0.0001,0.0,0.0,,,1
row,V28,V28-R01,1,55.52,disrupted,1,4,1.53,0.0002,11.56,0.0012,,,1
row,V28,V28-R02,1,25.63,disrupted,2,10,8.14,0.0008,43.36,0.0043,,,1
row,V28,V28-R03,1,74.52,disrupted,2,36,24.19,0.0024,92.2,0.0092,,,3
row,V28,V28-R04,1,67.23,regular,0,49,21.91,0.0022,120.54,0.0121,,,3
row,V28,V28-R05,1,66.28,disrupted,2,37,15.76,0.0016,123.24,0.0123,,,3
row,V28,V28-R06,1,66.51,disrupted,3,16,8.56,0.0009,83.48,0.0083,,,3
row,V28,V28-R07,1,14.92,disrupted,1,4,1.43,0.0001,20.37,0.002,,,1
row,V28,V28-R08,1,7.64,disrupted,1,3,1.89,0.0002,0.0,0.0,,,1
row,V29,V29-R01,1,7.32,disrupted,1,2,1.43,0.0001,4.0,0.0004,,,1
row,V29,V29-R02,1,10.84,disrupted,1,2,4.6,0.0005,4.0,0.0004,,,1
row,V29,V29-R03,1,8.27,regular,0,5,1.88,0.0002,8.19,0.0008,,,1
row,V29,V29-R04,1,27.2,disrupted,1,3,2.07,0.0002,13.53,0.0014,,,1
row,V29,V29-R05,1,46.9,disrupted,1,2,2.16,0.0002,5.34,0.0005,,,1
row,V29,V29-R06,1,13.5,disrupted,1,4,2.53,0.0003,7.35,0.0007,,,2
row,V29,V29-R07,1,13.59,disrupted,1,3,5.14,0.0005,15.88,0.0016,,,1
row,V29,V29-R08,1,11.34,regular,0,8,5.57,0.0006,8.53,0.0009,,,1
row,V29,V29-R09,1,19.82,disrupted,1,2,3.79,0.0004,13.01,0.0013,,,1
row,V29,V29-R10,1,34.93,disrupted,2,7,4.08,0.0004,50.6,0.0051,,,1
row,V29,V29-R11,1,55.48,regular,0,30,11.59,0.0012,90.06,0.009,,,2
row,V29,V29-R12,1,56.45,regular,0,37,17.7,0.0018,105.47,0.0105,,,3
row,V29,V29-R13,1,61.17,disrupted,1,34,15.46,0.0015,98.79,0.0099,,,3
row,V29,V29-R14,1,49.12,regular,0,35,15.38,0.0015,92.41,0.0092,,,1
row,V29,V29-R15,1,58.1,disrupted,1,38,17.63,0.0018,96.84,0.0097,,,1
row,V29,V29-R16,1,54.21,disrupted,1,31,12.8,0.0013,97.58,0.0098,,,1
row,V29,V29-R17,1,34.3,regular,0,23,13.05,0.0013,86.54,0.0087,,,1
row,V29,V29-R18,1,34.98,disrupted,1,17,12.36,0.0012,79.18,0.0079,,,1
row,V29,V29-R19,1,37.29,regular,0,27,18.56,0.0019,83.67,0.0084,,,1
row,V29,V29-R20,1,42.28,disrupted,1,24,17.25,0.0017,104.0,0.0104,,,1
row,V29,V29-R21,1,4.11,regular,0,2,1.22,0.0001,2.31,0.0002,,,1
row,V29,V29-R22,1,9.34,regular,0,5,1.73,0.0002,13.91,0.0014,,,1
row,V29,V29-R23,1,71.2,disrupted,1,37,18.35,0.0018,96.13,0.0096,,,2
row,V29,V29-R24,1,38.04,regular,0,26,10.06,0.001,71.41,0.0071,,,1
row,V29,V29-R25,1,59.14,disrupted,1,38,16.84,0.0017,82.47,0.0082,,,2
row,V29,V29-R26,1,52.82,disrupted,2,22,8.92,0.0009,86.55,0.0087,,,2
row,V29,V29-R27,1,42.24,disrupted,3,14,7.14,0.0007,77.46,0.0077,,,2
row,V29,V29-R28,1,48.72,disrupted,1,13,5.52,0.0006,77.23,0.0077,,,3
row,V29,V29-R29,1,48.27,disrupted,2,23,9.5,0.0009,82.41,0.0082,,,3
row,V29,V29-R30,1,49.07,disrupted,2,16,6.29,0.0006,118.97,0.0119,,,3
row,V29,V29-R31,1,21.63,disrupted,1,2,0.98,0.0001,20.36,0.002,,,1
row,V29,V29-R32,1,21.7,disrupted,1,4,2.66,0.0003,6.28,0.0006,,,1
row,V29,V29-R33,1,62.81,disrupted,2,41,16.47,0.0016,119.38,0.0119,,,2
row,V29,V29-R34,1,59.38,disrupted,1,35,17.35,0.0017,126.82,0.0127,,,2
row,V29,V29-R35,1,62.91,disrupted,3,31,15.27,0.0015,106.3,0.0106,,,3
row,V29,V29-R36,1,63.85,disrupted,2,32,16.2,0.0016,96.21,0.0096,,,3
row,V29,V29-R37,1,53.47,regular,0,34,18.53,0.0019,93.89,0.0094,,,3
row,V29,V29-R38,1,55.28,disrupted,1,33,20.17,0.002,99.8,0.01,,,3
row,V29,V29-R39,1,48.95,disrupted,3,24,15.2,0.0015,52.6,0.0053,,,3
row,V31,V31-R01,1,36.44,disrupted,1,2,2.26,0.0002,66.7,0.0067,,,1
row,V31,V31-R02,1,54.37,disrupted,3,5,3.94,0.0004,92.9,0.0093,,,1
row,V31,V31-R03,1,20.95,disrupted,1,2,1.08,0.0001,38.69,0.0039,,,1
row,V31,V31-R04,1,58.0,disrupted,2,20,6.89,0.0007,60.51,0.0061,,,2
row,V31,V31-R05,1,60.08,disrupted,6,14,5.03,0.0005,109.65,0.011,,,3
row,V31,V31-R06,1,68.99,disrupted,3,22,6.77,0.0007,120.26,0.012,,,3
row,V31,V31-R07,1,40.17,disrupted,2,11,4.91,0.0005,64.65,0.0065,,,2
row,V31,V31-R08,1,19.22,disrupted,1,2,0.58,0.0001,0.0,0.0,,,1
row,V31,V31-R09,1,35.71,disrupted,2,12,3.86,0.0004,63.86,0.0064,,,2
row,V31,V31-R10,1,47.02,disrupted,3,5,2.95,0.0003,0.0,0.0,,,1
row,V31,V31-R11,1,56.58,disrupted,3,7,2.32,0.0002,102.43,0.0102,,,3
row,V31,V31-R12,1,37.81,disrupted,3,9,2.4,0.0002,85.08,0.0085,,,1
row,V31,V31-R13,1,46.04,disrupted,2,16,7.37,0.0007,94.45,0.0094,,,1
row,V31,V31-R14,1,77.78,disrupted,1,39,16.85,0.0017,131.04,0.0131,,,2
row,V31,V31-R15,1,92.09,disrupted,2,49,23.04,0.0023,178.64,0.0179,,,3
row,V31,V31-R16,1,78.45,disrupted,1,44,18.68,0.0019,181.62,0.0182,,,3
row,V31,V31-R17,1,77.99,disrupted,3,33,14.46,0.0014,134.83,0.0135,,,3
row,V31,V31-R18,1,6.12,regular,0,5,2.17,0.0002,5.13,0.0005,,,1
row,V31,V31-R19,1,36.99,regular,0,19,8.85,0.0009,61.64,0.0062,,,1
row,V31,V31-R20,1,23.59,regular,0,13,6.49,0.0006,46.6,0.0047,,,1
row,V31,V31-R21,1,70.55,disrupted,3,27,12.09,0.0012,89.4,0.0089,,,2
row,V31,V31-R22,1,72.43,disrupted,3,27,13.0,0.0013,134.88,0.0135,,,2
row,V31,V31-R23,1,91.13,disrupted,5,21,8.84,0.0009,138.74,0.0139,,,2
row,V31,V31-R24,1,70.96,disrupted,4,22,9.33,0.0009,150.22,0.015,,,2
row,V31,V31-R25,1,77.5,disrupted,1,44,18.25,0.0018,159.96,0.016,,,2
row,V31,V31-R26,1,77.48,disrupted,4,32,12.55,0.0013,152.46,0.0152,,,2
row,V31,V31-R27,1,71.71,disrupted,3,27,9.13,0.0009,150.78,0.0151,,,2
row,V31,V31-R28,1,72.22,disrupted,5,21,17.18,0.0017,85.95,0.0086,,,2
row,V31,V31-R29,1,13.49,disrupted,1,7,4.14,0.0004,7.19,0.0007,,,1
row,V32,V32-R01,1,35.6,disrupted,1,5,7.13,0.0007,35.33,0.0035,,,2
row,V32,V32-R02,1,74.27,disrupted,3,38,21.54,0.0022,95.53,0.0096,,,2
row,V32,V32-R03,1,60.43,disrupted,1,35,16.84,0.0017,172.78,0.0173,,,3
row,V32,V32-R04,1,70.41,regular,0,46,23.91,0.0024,141.78,0.0142,,,3
row,V32,V32-R05,1,34.53,disrupted,2,11,5.13,0.0005,29.2,0.0029,,,1
row,V33,V33-R01,1,3.31,regular,0,2,2.81,0.0003,3.56,0.0004,,,1
row,V33,V33-R02,1,14.22,regular,0,6,6.87,0.0007,11.43,0.0011,,,1
row,V33,V33-R03,1,5.89,regular,0,5,4.47,0.0004,0.0,0.0,,,1
row,V33,V33-R04,1,8.51,regular,0,6,6.6,0.0007,16.85,0.0017,,,1
row,V33,V33-R05,1,7.41,disrupted,1,4,1.72,0.0002,8.8,0.0009,,,1
row,V33,V33-R06,1,11.39,disrupted,1,5,4.71,0.0005,22.25,0.0022,,,1
row,V33,V33-R07,1,11.94,regular,0,10,4.2,0.0004,8.8,0.0009,,,1
row,V33,V33-R08,1,73.7,disrupted,4,28,18.32,0.0018,94.41,0.0094,,,3
row,V33,V33-R09,1,61.19,disrupted,3,19,13.44,0.0013,101.0,0.0101,,,2
row,V33,V33-R10,1,21.31,disrupted,1,7,3.87,0.0004,25.89,0.0026,,,1
row,V33,V33-R11,1,54.31,disrupted,3,16,8.14,0.0008,103.8,0.0104,,,3
row,V33,V33-R12,1,58.96,regular,0,30,18.23,0.0018,121.58,0.0122,,,3
row,V33,V33-R13,1,31.72,regular,0,16,9.53,0.001,58.17,0.0058,,,2
row,V33,V33-R14,1,56.81,disrupted,1,35,20.08,0.002,84.05,0.0084,,,3
row,V33,V33-R15,1,10.7,disrupted,1,6,2.68,0.0003,25.31,0.0025,,,2
row,V33,V33-R16,1,8.73,regular,0,6,2.56,0.0003,26.43,0.0026,,,1
row,V33,V33-R17,1,33.61,disrupted,1,12,9.38,0.0009,22.43,0.0022,,,3
row,V34,V34-R01,1,21.55,disrupted,2,6,5.05,0.0005,26.74,0.0027,,,1
row,V34,V34-R02,1,43.69,disrupted,2,8,4.45,0.0004,100.52,0.0101,,,1
row,V34,V34-R03,1,51.49,disrupted,3,12,5.94,0.0006,82.55,0.0083,,,1
row,V34,V34-R04,1,13.59,regular,0,6,3.1,0.0003,0.0,0.0,,,1
row,V34,V34-R05,1,10.74,disrupted,1,4,2.99,0.0003,13.75,0.0014,,,1
row,V34,V34-R06,1,4.37,regular,0,5,3.16,0.0003,0.0,0.0,,,1
row,V34,V34-R07,1,49.31,disrupted,3,8,5.68,0.0006,62.57,0.0063,,,1
row,V34,V34-R08,1,43.82,disrupted,4,9,4.45,0.0004,103.69,0.0104,,,1
row,V34,V34-R09,1,38.11,disrupted,1,4,4.17,0.0004,0.0,0.0,,,1
row,V34,V34-R10,1,23.58,regular,0,12,5.0,0.0005,0.0,0.0,,,1
row,V34,V34-R11,1,49.24,disrupted,3,5,2.83,0.0003,126.16,0.0126,,,1
row,V34,V34-R12,1,2.83,regular,0,2,3.3,0.0003,0.0,0.0,,,1
row,V34,V34-R13,1,19.37,disrupted,1,8,3.31,0.0003,0.0,0.0,,,1
row,V34,V34-R14,1,47.64,disrupted,1,8,3.97,0.0004,121.09,0.0121,,,1
row,V34,V34-R15,1,37.31,disrupted,1,5,3.75,0.0004,79.58,0.008,,,1
row,V34,V34-R16,1,26.13,disrupted,1,7,5.62,0.0006,17.62,0.0018,,,1
row,V34,V34-R17,1,45.64,disrupted,1,9,5.85,0.0006,47.28,0.0047,,,1
row,V34,V34-R18,1,5.19,regular,0,2,1.23,0.0001,8.84,0.0009,,,1
row,V34,V34-R19,1,35.26,disrupted,2,9,6.49,0.0006,21.36,0.0021,,,1
row,V34,V34-R20,1,3.8,regular,0,5,2.54,0.0003,0.0,0.0,,,1
row,V34,V34-R21,1,29.1,disrupted,2,5,3.99,0.0004,17.5,0.0017,,,1
row,V34,V34-R22,1,3.06,regular,0,2,2.29,0.0002,0.0,0.0,,,1
row,V35,V35-R01,1,5.13,regular,0,4,1.49,0.0001,2.96,0.0003,,,1
row,V35,V35-R02,1,29.04,disrupted,1,6,2.11,0.0002,36.35,0.0036,,,1
row,V35,V35-R03,1,36.99,disrupted,3,13,7.41,0.0007,45.7,0.0046,,,1
row,V35,V35-R04,1,13.67,regular,0,9,4.49,0.0004,18.08,0.0018,,,1
row,V35,V35-R05,1,6.64,regular,0,4,3.55,0.0004,9.69,0.001,,,1
row,V35,V35-R06,1,28.16,disrupted,1,19,6.87,0.0007,3.92,0.0004,,,1
row,V35,V35-R07,1,40.0,disrupted,2,8,4.65,0.0005,39.37,0.0039,,,1
row,V35,V35-R08,1,50.93,disrupted,2,30,14.23,0.0014,87.17,0.0087,,,2
row,V35,V35-R09,1,50.31,disrupted,2,23,8.08,0.0008,84.1,0.0084,,,2
row,V35,V35-R10,1,37.12,disrupted,1,20,8.18,0.0008,72.9,0.0073,,,2
row,V35,V35-R11,1,43.65,disrupted,1,19,9.0,0.0009,64.98,0.0065,,,2
row,V35,V35-R12,1,29.35,regular,0,14,7.68,0.0008,50.62,0.0051,,,2
row,V35,V35-R13,1,42.75,disrupted,1,18,5.69,0.0006,66.65,0.0067,,,2
row,V35,V35-R14,1,48.48,disrupted,1,27,13.09,0.0013,89.84,0.009,,,3
row,V35,V35-R15,1,47.57,disrupted,2,25,9.72,0.001,90.64,0.0091,,,3
row,V35,V35-R16,1,48.64,disrupted,1,24,11.19,0.0011,77.92,0.0078,,,3
row,V35,V35-R17,1,34.52,disrupted,1,6,5.01,0.0005,43.08,0.0043,,,2
row,V35,V35-R18,1,18.84,disrupted,1,12,4.62,0.0005,30.58,0.0031,,,3
row,V35,V35-R19,1,42.98,disrupted,1,20,8.74,0.0009,42.26,0.0042,,,2
row,V35,V35-R20,1,33.9,disrupted,2,17,6.86,0.0007,56.92,0.0057,,,3
row,V35,V35-R21,1,49.75,disrupted,4,15,5.32,0.0005,83.49,0.0083,,,3
row,V35,V35-R22,1,54.38,disrupted,1,31,14.6,0.0015,97.74,0.0098,,,3
row,V35,V35-R23,1,50.81,disrupted,1,32,15.63,0.0016,90.12,0.009,,,2
row,V35,V35-R24,1,45.38,disrupted,1,26,12.3,0.0012,88.21,0.0088,,,2
row,V35,V35-R25,1,54.3,disrupted,1,32,13.57,0.0014,82.2,0.0082,,,2
row,V35,V35-R26,1,35.64,disrupted,2,17,6.63,0.0007,64.38,0.0064,,,2
row,V35,V35-R27,1,42.43,disrupted,3,18,6.22,0.0006,74.93,0.0075,,,2
row,V35,V35-R28,1,45.73,regular,0,33,11.85,0.0012,45.54,0.0046,,,2
row,V35,V35-R29,1,57.41,disrupted,2,33,19.92,0.002,37.33,0.0037,,,2
row,V35,V35-R30,1,42.28,disrupted,1,18,9.01,0.0009,79.63,0.008,,,1
row,V35,V35-R31,1,58.89,disrupted,3,28,14.12,0.0014,103.63,0.0104,,,2
row,V35,V35-R32,1,60.08,disrupted,2,24,11.96,0.0012,116.45,0.0116,,,2
row,V35,V35-R33,1,57.54,disrupted,2,23,10.9,0.0011,81.95,0.0082,,,2
row,V35,V35-R34,1,29.22,regular,0,18,10.67,0.0011,56.31,0.0056,,,2
row,V35,V35-R35,1,54.27,disrupted,2,25,12.54,0.0013,68.14,0.0068,,,2
row,V35,V35-R36,1,39.83,disrupted,1,11,9.55,0.001,73.14,0.0073,,,3
row,V35,V35-R37,1,57.01,disrupted,2,19,11.44,0.0011,43.46,0.0043,,,3
row,V35,V35-R38,1,3.54,regular,0,2,3.63,0.0004,6.75,0.0007,,,1
row,V35,V35-R39,1,7.43,regular,0,6,5.33,0.0005,12.2,0.0012,,,2
row,V35,V35-R40,1,64.47,disrupted,1,26,17.18,0.0017,70.13,0.007,,,3
row,V35,V35-R41,1,62.35,disrupted,2,29,10.02,0.001,117.87,0.0118,,,3
row,V35,V35-R42,1,53.45,disrupted,2,30,10.71,0.0011,105.21,0.0105,,,3
row,V35,V35-R43,1,59.19,disrupted,1,37,16.2,0.0016,94.74,0.0095,,,3
row,V35,V35-R44,1,53.99,disrupted,1,29,13.02,0.0013,100.78,0.0101,,,3
row,V35,V35-R45,1,59.9,disrupted,2,21,9.18,0.0009,107.36,0.0107,,,3
row,V35,V35-R46,1,63.12,disrupted,2,28,11.58,0.0012,93.85,0.0094,,,3
row,V35,V35-R47,1,38.47,disrupted,1,8,4.13,0.0004,74.18,0.0074,,,1
row,V35,V35-R48,1,59.08,disrupted,2,24,10.97,0.0011,94.08,0.0094,,,2
row,V35,V35-R49,1,73.92,regular,0,46,18.4,0.0018,128.69,0.0129,,,2
row,V35,V35-R50,1,68.02,disrupted,2,39,16.7,0.0017,135.13,0.0135,,,2
row,V35,V35-R51,1,71.15,disrupted,1,45,19.42,0.0019,131.65,0.0132,,,2
row,V35,V35-R52,1,68.75,disrupted,1,46,16.77,0.0017,120.91,0.0121,,,2
row,V35,V35-R53,1,58.9,disrupted,2,32,10.85,0.0011,113.59,0.0114,,,2
row,V35,V35-R54,1,59.47,disrupted,1,39,14.02,0.0014,106.6,0.0107,,,2
row,V35,V35-R55,1,56.47,disrupted,3,19,5.54,0.0006,100.93,0.0101,,,2
row,V35,V35-R56,1,63.54,disrupted,4,18,5.81,0.0006,113.38,0.0113,,,2
row,V35,V35-R57,1,62.06,disrupted,3,25,9.38,0.0009,118.53,0.0119,,,2
row,V35,V35-R58,1,65.46,disrupted,2,30,14.48,0.0014,114.88,0.0115,,,2
row,V35,V35-R59,1,60.97,disrupted,1,38,14.71,0.0015,110.64,0.0111,,,2
row,V35,V35-R60,1,54.76,regular,0,34,12.62,0.0013,102.93,0.0103,,,2
row,V35,V35-R61,1,46.52,regular,0,31,11.64,0.0012,89.48,0.0089,,,2
row,V35,V35-R62,1,40.5,regular,0,24,10.56,0.0011,73.31,0.0073,,,2
row,V35,V35-R63,1,36.16,disrupted,1,24,9.12,0.0009,63.09,0.0063,,,2
row,V35,V35-R64,1,32.58,disrupted,2,13,4.08,0.0004,52.1,0.0052,,,1
row,V35,V35-R65,1,30.97,regular,0,27,7.28,0.0007,46.43,0.0046,,,1
row,V35,V35-R66,1,25.59,disrupted,2,14,4.17,0.0004,40.88,0.0041,,,1
row,V35,V35-R67,1,16.87,regular,0,11,4.31,0.0004,26.0,0.0026,,,1
row,V35,V35-R68,1,9.18,regular,0,7,2.4,0.0002,12.17,0.0012,,,1
row,V35,V35-R69,1,4.34,regular,0,4,1.44,0.0001,3.18,0.0003,,,1
row,V36,V36-R01,1,19.44,disrupted,1,8,6.02,0.0006,14.32,0.0014,,,1
row,V36,V36-R02,1,42.52,disrupted,3,16,11.27,0.0011,50.93,0.0051,,,2
row,V36,V36-R03,1,69.42,disrupted,3,29,25.57,0.0026,120.9,0.0121,,,3
row,V36,V36-R04,1,97.95,disrupted,3,50,31.13,0.0031,197.79,0.0198,,,4
row,V36,V36-R05,1,99.78,disrupted,5,46,32.49,0.0032,214.24,0.0214,,,4
row,V36,V36-R06,1,84.95,disrupted,4,25,22.37,0.0022,208.9,0.0209,,,3
row,V36,V36-R07,1,96.38,disrupted,2,50,37.76,0.0038,187.42,0.0187,,,4
row,V36,V36-R08,1,62.56,disrupted,6,19,14.43,0.0014,150.14,0.015,,,3
row,V36,V36-R09,1,59.85,disrupted,3,16,13.73,0.0014,140.74,0.0141,,,3
row,V36,V36-R10,1,73.23,disrupted,4,19,17.24,0.0017,102.77,0.0103,,,3
row,V36,V36-R11,1,28.09,disrupted,1,9,7.52,0.0008,66.56,0.0067,,,2
row,V36,V36-R12,1,75.03,disrupted,5,16,9.08,0.0009,111.52,0.0112,,,3
row,V36,V36-R13,1,79.84,disrupted,5,19,17.01,0.0017,106.59,0.0107,,,2
row,V36,V36-R14,1,32.28,disrupted,2,11,11.89,0.0012,28.72,0.0029,,,2
row,V37,V37-R01,1,16.11,disrupted,1,3,1.21,0.0001,12.32,0.0012,,,1
row,V37,V37-R02,1,12.54,disrupted,1,3,1.3,0.0001,5.79,0.0006,,,1
row,V37,V37-R03,1,172.17,disrupted,10,22,9.32,0.0009,60.09,0.006,,,4
row,V37,V37-R04,1,70.38,disrupted,4,14,7.18,0.0007,65.58,0.0066,,,2
row,V37,V37-R05,1,23.48,disrupted,1,4,1.62,0.0002,23.6,0.0024,,,1
row,V37,V37-R06,1,1.95,regular,0,2,0.69,0.0001,0.0,0.0,,,1
row,V37,V37-R07,1,50.79,disrupted,1,6,1.98,0.0002,0.0,0.0,,,1
row,V38,V38-R01,1,66.14,disrupted,3,16,5.97,0.0006,58.87,0.0059,,,3
row,V38,V38-R02,1,71.28,disrupted,3,36,15.07,0.0015,118.68,0.0119,,,4
row,V38,V38-R03,1,74.5,disrupted,2,35,15.91,0.0016,128.99,0.0129,,,4
row,V38,V38-R04,1,73.06,disrupted,2,42,19.79,0.002,69.17,0.0069,,,4
row,V39,V39-R01,1,25.46,disrupted,3,7,8.53,0.0009,0.0,0.0,,,1
row,V39,V39-R02,1,46.91,disrupted,3,6,5.31,0.0005,25.62,0.0026,,,1
row,V39,V39-R03,1,37.54,disrupted,2,5,1.89,0.0002,53.43,0.0053,,,1
row,V39,V39-R04,1,24.24,disrupted,2,6,3.16,0.0003,44.4,0.0044,,,1
row,V39,V39-R05,1,28.63,disrupted,2,12,5.31,0.0005,38.09,0.0038,,,1
row,V39,V39-R06,1,23.59,disrupted,1,6,2.52,0.0003,33.23,0.0033,,,1
row,V39,V39-R07,1,23.3,disrupted,1,7,6.0,0.0006,11.73,0.0012,,,1
row,V39,V39-R08,1,18.15,disrupted,2,4,2.48,0.0002,8.04,0.0008,,,2
row,V39,V39-R09,1,11.19,disrupted,1,2,0.65,0.0001,8.04,0.0008,,,1
row,V39,V39-R10,1,3.32,regular,0,2,0.76,0.0001,2.07,0.0002,,,1
row,V39,V39-R11,1,21.35,disrupted,1,6,3.86,0.0004,10.67,0.0011,,,2
row,V39,V39-R12,1,10.81,disrupted,1,3,2.5,0.0003,8.59,0.0009,,,2
row,V40,V40-R01,1,44.29,disrupted,2,18,8.83,0.0009,40.21,0.004,,,2
row,V40,V40-R02,1,43.66,disrupted,1,22,13.09,0.0013,80.18,0.008,,,2
row,V40,V40-R03,1,40.82,regular,0,22,9.82,0.001,71.9,0.0072,,,2
row,V40,V40-R04,1,41.05,disrupted,1,24,10.3,0.001,63.5,0.0064,,,2
row,V40,V40-R05,1,34.78,regular,0,22,7.86,0.0008,58.89,0.0059,,,1
row,V40,V40-R06,1,33.65,disrupted,1,15,7.43,0.0007,47.81,0.0048,,,2
row,V40,V40-R07,1,22.59,regular,0,13,4.88,0.0005,20.5,0.002,,,1
row,V41,V41-R01,1,46.14,disrupted,3,14,6.8,0.0007,32.11,0.0032,,,1
row,V41,V41-R02,1,35.98,disrupted,2,15,5.85,0.0006,66.38,0.0066,,,1
row,V41,V41-R03,1,48.27,disrupted,1,22,9.42,0.0009,67.62,0.0068,,,2
row,V41,V41-R04,1,34.91,disrupted,2,10,4.2,0.0004,61.61,0.0062,,,1
row,V41,V41-R05,1,30.77,disrupted,1,4,3.55,0.0004,28.26,0.0028,,,1
row,V42,V42-R01,1,28.46,disrupted,1,6,2.83,0.0003,0.0,0.0,,,1
row,V42,V42-R02,1,9.44,regular,0,5,4.36,0.0004,8.73,0.0009,,,1
row,V42,V42-R03,1,13.89,disrupted,1,3,0.8,0.0001,24.29,0.0024,,,1
row,V42,V42-R04,1,36.66,disrupted,3,12,4.08,0.0004,48.92,0.0049,,,1
row,V42,V42-R05,1,40.1,disrupted,3,11,4.56,0.0005,60.47,0.006,,,1
row,V42,V42-R06,1,41.89,disrupted,2,7,5.65,0.0006,27.1,0.0027,,,1
row,V43,V43-R01,1,19.37,disrupted,1,2,2.46,0.0002,0.0,0.0,,,1
row,V43,V43-R02,1,3.18,regular,0,3,1.22,0.0001,0.0,0.0,,,1
row,V43,V43-R03,1,42.02,disrupted,3,12,7.0,0.0007,40.11,0.004,,,1
row,V43,V43-R04,1,46.59,disrupted,2,18,11.1,0.0011,40.11,0.004,,,2
row,V43,V43-R05,1,49.04,disrupted,1,9,5.13,0.0005,0.0,0.0,,,1
row,V44,V44-R01,1,48.99,disrupted,4,23,14.21,0.0014,30.32,0.003,,,2
row,V44,V44-R02,1,41.33,disrupted,3,20,14.33,0.0014,64.87,0.0065,,,2
row,V44,V44-R03,1,31.7,disrupted,2,6,2.71,0.0003,34.55,0.0035,,,1
row,V44,V44-R04,1,14.54,disrupted,1,5,9.07,0.0009,0.0,0.0,,,1
row,V45,V45-R01,1,14.63,disrupted,1,3,1.35,0.0001,14.74,0.0015,,,1
row,V45,V45-R02,1,61.82,disrupted,3,5,2.7,0.0003,47.13,0.0047,,,2
row,V45,V45-R03,1,20.0,disrupted,2,4,1.38,0.0001,36.91,0.0037,,,2
row,V45,V45-R04,1,7.45,disrupted,1,3,6.07,0.0006,4.53,0.0005,,,1
row,V45,V45-R05,1,31.18,disrupted,2,3,2.91,0.0003,0.0,0.0,,,1
row,V46,V46-R01,1,12.88,disrupted,1,4,1.76,0.0002,24.19,0.0024,,,1
row,V46,V46-R02,1,52.51,disrupted,5,14,6.85,0.0007,88.55,0.0089,,,2
row,V46,V46-R03,1,45.65,disrupted,3,4,2.29,0.0002,77.67,0.0078,,,1
row,V46,V46-R04,1,15.99,disrupted,1,2,1.83,0.0002,0.0,0.0,,,1
row,V46,V46-R05,1,7.6,disrupted,1,2,1.89,0.0002,13.32,0.0013,,,1
row,V47,V47-R01,1,22.87,disrupted,1,4,4.55,0.0005,7.76,0.0008,,,2
row,V47,V47-R02,1,13.7,disrupted,1,8,6.72,0.0007,18.95,0.0019,,,1
row,V47,V47-R03,1,46.81,disrupted,3,17,18.87,0.0019,41.62,0.0042,,,2
row,V47,V47-R04,1,34.67,disrupted,2,13,12.87,0.0013,41.29,0.0041,,,2
row,V47,V47-R05,1,14.18,disrupted,1,6,7.4,0.0007,10.86,0.0011,,,1
row,V48,V48-R01,1,9.93,disrupted,1,5,2.43,0.0002,4.98,0.0005,,,1
row,V48,V48-R02,1,37.04,disrupted,2,11,7.26,0.0007,29.82,0.003,,,1
row,V48,V48-R03,1,21.37,disrupted,1,9,6.81,0.0007,57.64,0.0058,,,1
row,V48,V48-R04,1,43.92,disrupted,1,14,10.13,0.001,32.8,0.0033,,,1
row,V49,V49-R01,1,13.64,disrupted,1,3,2.15,0.0002,16.62,0.0017,,,1
row,V49,V49-R02,1,31.39,disrupted,2,8,5.38,0.0005,43.64,0.0044,,,1
row,V49,V49-R03,1,44.61,disrupted,1,5,6.51,0.0007,55.25,0.0055,,,1
row,V49,V49-R04,1,20.51,disrupted,1,4,3.29,0.0003,28.23,0.0028,,,1
row,V50,V50-R01,1,16.64,regular,0,8,5.35,0.0005,9.61,0.001,,,2
row,V50,V50-R02,1,7.67,regular,0,5,2.73,0.0003,3.02,0.0003,,,1
row,V50,V50-R03,1,33.95,disrupted,2,13,5.76,0.0006,16.82,0.0017,,,1
row,V50,V50-R04,1,8.08,regular,0,4,1.83,0.0002,4.2,0.0004,,,1
row,V50,V50-R05,1,39.61,disrupted,1,3,3.39,0.0003,0.0,0.0,,,1
row,V51,V51-R01,1,9.81,regular,0,5,2.01,0.0002,0.0,0.0,,,1
row,V51,V51-R02,1,5.92,regular,0,4,1.57,0.0002,6.91,0.0007,,,1
row,V51,V51-R03,1,9.4,disrupted,1,2,1.55,0.0002,16.16,0.0016,,,1
row,V51,V51-R04,1,23.68,disrupted,1,3,3.01,0.0003,26.3,0.0026,,,1
row,V51,V51-R05,1,21.07,disrupted,1,3,2.69,0.0003,51.83,0.0052,,,1
row,V51,V51-R06,1,28.24,disrupted,1,2,1.53,0.0002,16.28,0.0016,,,1
row,V52,V52-R01,1,33.71,disrupted,1,2,1.16,0.0001,24.12,0.0024,,,1
row,V52,V52-R02,1,31.06,disrupted,2,4,2.98,0.0003,53.45,0.0053,,,1
row,V52,V52-R03,1,28.4,disrupted,1,10,28.46,0.0028,29.33,0.0029,,,1
row,V53,V53-R01,1,39.28,disrupted,2,13,7.23,0.0007,42.46,0.0042,,,2
row,V53,V53-R02,1,13.36,regular,0,7,4.99,0.0005,27.76,0.0028,,,1
row,V53,V53-R03,1,27.65,disrupted,2,10,4.6,0.0005,33.88,0.0034,,,1
row,V53,V53-R04,1,12.74,regular,0,7,2.95,0.0003,19.19,0.0019,,,1
row,V54,V54-R01,1,4.86,regular,0,3,1.61,0.0002,9.25,0.0009,,,1
row,V54,V54-R02,1,38.19,disrupted,2,5,4.21,0.0004,14.29,0.0014,,,1
row,V54,V54-R03,1,37.23,disrupted,1,2,1.29,0.0001,5.04,0.0005,,,1
row,V55,V55-R01,1,22.87,disrupted,1,5,4.35,0.0004,29.98,0.003,,,1
row,V55,V55-R02,1,21.94,disrupted,1,11,9.8,0.001,46.16,0.0046,,,1
row,V55,V55-R03,1,26.91,disrupted,1,8,5.8,0.0006,16.19,0.0016,,,1
row,V56,V56-R01,1,17.6,regular,0,12,5.47,0.0005,0.0,0.0,,,2
row,V56,V56-R02,1,44.38,disrupted,3,30,14.9,0.0015,0.9,0.0001,,,2
row,V56,V56-R03,1,3.33,regular,0,2,1.65,0.0002,1.77,0.0002,,,1
row,V56,V56-R04,1,3.76,regular,0,2,2.08,0.0002,0.87,0.0001,,,1
row,V57,V57-R01,1,12.73,disrupted,1,2,1.84,0.0002,13.91,0.0014,,,1
row,V57,V57-R02,1,3.72,regular,0,2,1.34,0.0001,3.29,0.0003,,,1
row,V57,V57-R03,1,14.25,disrupted,1,4,3.08,0.0003,17.2,0.0017,,,1
row,V57,V57-R04,1,8.5,disrupted,1,2,1.2,0.0001,9.5,0.0009,,,1
row,V57,V57-R05,1,21.42,disrupted,1,3,3.58,0.0004,9.5,0.0009,,,1
row,V58,V58-R01,1,5.73,regular,0,5,2.78,0.0003,4.33,0.0004,,,1
row,V58,V58-R02,1,33.91,disrupted,1,13,7.45,0.0007,9.76,0.001,,,3
row,V58,V58-R03,1,5.05,regular,0,6,2.33,0.0002,5.42,0.0005,,,2
row,V59,V59-R01,1,9.92,disrupted,1,3,0.94,0.0001,12.58,0.0013,,,1
row,V59,V59-R02,1,16.18,disrupted,1,6,2.19,0.0002,19.6,0.002,,,1
row,V59,V59-R03,1,6.79,regular,0,3,1.12,0.0001,7.02,0.0007,,,1
row,V60,V60-R01,1,13.75,disrupted,1,3,4.23,0.0004,1.04,0.0001,,,1
row,V60,V60-R02,1,3.6,regular,0,3,1.32,0.0001,3.24,0.0003,,,1
row,V60,V60-R03,1,9.12,disrupted,1,5,2.34,0.0002,2.2,0.0002,,,1
block,V02,,66,6174.18,,169,3385,1497.57,0.1498,11370.89,1.1371,15639.09,1.5639,
block,V03,,38,1973.36,,48,1537,888.17,0.0888,3991.96,0.3992,5618.46,0.5618,
block,V04,,4,96.09,,4,82,61.38,0.0061,121.72,0.0122,256.76,0.0257,
block,V05,,25,907.45,,30,429,271.82,0.0272,1162.45,0.1162,2057.14,0.2057,
block,V06,,21,885.35,,35,351,223.8,0.0224,959.06,0.0959,1948.57,0.1949,
block,V08,,56,4918.66,,66,3237,1583.52,0.1584,10196.14,1.0196,13550.65,1.3551,
block,V09,,52,5190.14,,47,3659,1741.94,0.1742,10985.45,1.0985,14341.56,1.4342,
block,V10,,14,391.28,,32,213,190.21,0.019,608.3,0.0608,1110.66,0.1111,
block,V11,,0,0,,0,23,34.95,0.0035,0,0.0,0.0,0.0,
block,V12,,65,5367.54,,142,2979,1577.8,0.1578,9858.51,0.9859,14546.13,1.4546,
block,V13,,0,0,,0,25,32.66,0.0033,0,0.0,0.0,0.0,
block,V14,,10,284.23,,9,101,127.93,0.0128,293.18,0.0293,652.35,0.0652,
block,V15,,0,0,,0,47,71.41,0.0071,0,0.0,0.0,0.0,
block,V16,,7,402.5,,15,231,166.12,0.0166,634.62,0.0635,1031.78,0.1032,
block,V17,,7,424.23,,15,256,144.94,0.0145,467.47,0.0467,1026.13,0.1026,
block,V18,,6,295.56,,10,144,83.88,0.0084,439.77,0.044,754.98,0.0755,
block,V19,,9,248.91,,7,151,126.5,0.0126,379.41,0.0379,606.93,0.0607,
block,V20,,8,252.82,,12,102,58.1,0.0058,268.13,0.0268,545.92,0.0546,
block,V21,,13,544.07,,24,191,139.88,0.014,673.68,0.0674,1205.4,0.1205,
block,V22,,6,243.05,,6,115,74.95,0.0075,333.8,0.0334,582.68,0.0583,
block,V23,,7,296.21,,12,146,79.44,0.0079,410.66,0.0411,696.28,0.0696,
block,V24,,26,1066.97,,34,463,294.65,0.0295,1982.96,0.1983,2931.32,0.2931,
block,V25,,4,237.9,,8,161,142.1,0.0142,436.29,0.0436,687.48,0.0687,
block,V26,,4,163.73,,2,105,85.79,0.0086,266.55,0.0267,442.31,0.0442,
block,V27,,12,479.5,,13,212,99.1,0.0099,658.66,0.0659,1178.18,0.1178,
block,V28,,8,378.25,,12,196,114.4,0.0114,494.76,0.0495,890.84,0.0891,
block,V29,,39,1550.04,,40,826,436.24,0.0436,2495.44,0.2495,3778.86,0.3779,
block,V30,,0,0,,0,6,4.61,0.0005,0,0.0,0.0,0.0,
block,V31,,29,1591.85,,68,593,274.41,0.0274,2708.26,0.2708,4109.44,0.4109,
block,V32,,5,275.24,,7,143,78.66,0.0079,474.61,0.0475,769.44,0.0769,
block,V33,,17,473.72,,16,351,236.52,0.0237,734.78,0.0735,1206.05,0.1206,
block,V34,,22,604.81,,28,184,131.58,0.0132,829.24,0.0829,1373.3,0.1373,
block,V35,,69,3054.8,,90,1547,673.25,0.0673,4982.03,0.4982,7520.96,0.7521,
block,V36,,14,921.34,,47,372,279.59,0.028,1701.53,0.1702,2549.01,0.2549,
block,V37,,7,347.43,,18,89,48.43,0.0048,167.39,0.0167,695.05,0.0695,
block,V38,,4,284.98,,10,133,59.58,0.006,375.71,0.0376,660.38,0.066,
block,V39,,12,274.49,,19,95,59.47,0.0059,243.91,0.0244,594.86,0.0595,
block,V40,,7,260.85,,5,139,64.92,0.0065,382.99,0.0383,611.94,0.0612,
block,V41,,5,196.06,,9,69,34.04,0.0034,255.98,0.0256,455.43,0.0455,
block,V42,,6,170.45,,10,53,29.92,0.003,169.51,0.017,389.97,0.039,
block,V43,,5,160.19,,7,168,102.54,0.0103,80.22,0.008,343.71,0.0344,
block,V44,,4,136.56,,10,73,61.2,0.0061,129.75,0.013,319.34,0.0319,
block,V45,,5,135.09,,9,70,41.8,0.0042,103.31,0.0103,315.67,0.0316,
block,V46,,5,134.64,,11,40,28.96,0.0029,203.73,0.0204,384.64,0.0385,
block,V47,,5,132.23,,8,57,59.26,0.0059,120.47,0.012,289.09,0.0289,
block,V48,,4,112.27,,5,43,29.16,0.0029,125.23,0.0125,280.21,0.028,
block,V49,,4,110.15,,5,31,24.99,0.0025,143.73,0.0144,287.31,0.0287,
block,V50,,5,105.96,,3,43,30.02,0.003,33.65,0.0034,208.6,0.0209,
block,V51,,6,98.12,,4,28,21.4,0.0021,117.48,0.0117,209.35,0.0209,
block,V52,,3,93.17,,4,23,41.43,0.0041,106.89,0.0107,220.69,0.0221,
block,V53,,4,93.04,,4,57,30.16,0.003,123.3,0.0123,242.59,0.0243,
block,V54,,3,80.28,,3,20,12.78,0.0013,28.58,0.0029,169.64,0.017,
block,V55,,3,71.72,,3,34,28.22,0.0028,92.33,0.0092,176.75,0.0177,
block,V56,,4,69.07,,3,56,30.36,0.003,3.54,0.0004,127.83,0.0128,
block,V57,,5,60.62,,4,22,23.15,0.0023,53.39,0.0053,143.89,0.0144,
block,V58,,3,44.7,,1,29,19.63,0.002,19.52,0.002,94.12,0.0094,
block,V59,,3,32.89,,2,27,12.33,0.0012,39.19,0.0039,81.67,0.0082,
block,V60,,3,26.47,,2,18,11.18,0.0011,6.48,0.0006,49.27,0.0049,
total,58 blocks,,778,42925.21,,1207,23980,12932.8,1.2933,74046.59,7.4047,110960.66,11.0961,
